<?xml version="1.0" encoding="UTF-8"?>
<configuration>
	<property name="LOG_PATH" value="./logs"/>	
	
    <appender name="STDOUT" class="ch.qos.logback.core.ConsoleAppender">
        <layout class="ch.qos.logback.classic.PatternLayout">
            <Pattern>%d{HH:mm:ss.SSS} [%thread] %-5level %logger{36} - %msg%n</Pattern>
        </layout>
    </appender>
    
    <appender name="FILE" class="ch.qos.logback.core.FileAppender">
	     <file>${LOG_PATH}/application.log</file>
	     <append>true</append>
	     <encoder>
            <pattern>%d{HH:mm:ss.SSS} [%thread] %-5level %logger{36} - %msg%n</pattern>
        </encoder>
    </appender>
    
 
  	<logger name="com.monolith" additivity="false" level="debug">
      <appender-ref ref="STDOUT" />
       <appender-ref ref="FILE" />
    </logger>
    
    <root level="info">
        <appender-ref ref="STDOUT" />
        <appender-ref ref="FILE" />
    </root>
</configuration>
